2 ROW MAX COIL,
X,Y
1482.3492573252245,0.49064526235943284
1488.812222286444,0.4649549383961892
1494.8205616413975,0.44203259907136594
1500.3609670361998,0.420108233318306
